Symbol,CompanyName,MarketCap,Sector,Industry
ABQQ,Ab International Group Corp,293640,Communication Services,Entertainment
ABWN,Airborne Wireless Network,486270,Communication Services,Diversified Telecommunication Services
ACNI,"American Community Newspapers, Inc.",440,Communication Services,Media
ACTL,Artec Global Media Inc,0,Communication Services,Media
ADBN,Americana Distribution Inc,0,Communication Services,Media
ADST,"AdStar, Inc.",0,Communication Services,Interactive Media & Services
ADTH,AdTheorent Holding Company Inc,110256250,Communication Services,Media
ADTR,Alliance Media Holdings Inc,8840,Communication Services,Entertainment
ADV,Advantage Solutions Inc,895755240,Communication Services,Media
AFFU,AFFLUENCE CORP,8900580,Communication Services,Interactive Media & Services
AIAD,Aiadvertising Inc,8139890,Communication Services,Media
AIMFF,AIMIA INC,191896200,Communication Services,Media
AITVF,ASIAN TELEVISION NETWRK INTL,2550110,Communication Services,Media
AKOM,Aerkomm Inc,25462020,Communication Services,Wireless Telecommunication Services
AMC,AMC Entertainment Holdings Inc,2133351660,Communication Services,Entertainment
AMCX,AMC Networks Inc,488126100,Communication Services,Media
AMLH,AMERICAN LEISURE HLDGS INC,528250,Communication Services,Entertainment
AMRU,Amaru Inc.,47160,Communication Services,Entertainment
AMX,America Movil SAB de CV (ADR),57680766500,Communication Services,Wireless Telecommunication Services
ANAV,Alpha Network Alliance Ventures Inc,133530260,Communication Services,Interactive Media & Services
ANGH,Anghami Inc,21584980,Communication Services,Entertainment
ANGI,Angi Inc,1296087040,Communication Services,Interactive Media & Services
ANTE,Airnet Technology Inc (ADR),9875300,Communication Services,Media
APHP,AMERICAN PICTURE HOUSE CORP,22772720,Communication Services,Entertainment
AREN,Arena Group Holdings Inc,110509190,Communication Services,Interactive Media & Services
ARTD,Peer Media Technologies Inc,0,Communication Services,Interactive Media & Services
ASPR,"Adsouth Partners, Inc.",8780,Communication Services,Media
ASST,Asset Entities Inc,9151060,Communication Services,Media
ASTS,AST SpaceMobile Inc,844579000,Communication Services,Diversified Telecommunication Services
ATDRY,AUTO TRADER GROUP PLC,6705370060,Communication Services,Interactive Media & Services
ATEX,Anterix Inc,627979590,Communication Services,Diversified Telecommunication Services
ATHI,American Transportation Holdings Inc,2417550,Communication Services,Entertainment
ATHM,Autohome Inc (ADR),3638745660,Communication Services,Interactive Media & Services
ATNI,ATN International Inc,518454460,Communication Services,Diversified Telecommunication Services
ATUS,Altice USA Inc,1373281580,Communication Services,Media
ATVDY,ATRESMEDIA CORP DE MEDIOS,890578990,Communication Services,Media
ATVI,Activision Blizzard Inc,72424755900,Communication Services,Entertainment
ATXMF,ADVANTEX MARKETING INTL INC,398090,Communication Services,Media
AUDA,Audacy Inc,3181100,Communication Services,Media
AVIFY,Advanced Info Service PCL (ADR),18143921700,Communication Services,Wireless Telecommunication Services
AVOZ,ALTAVOZ ENTERTAINMENT INC,7171400,Communication Services,Entertainment
AVPI,AVP Inc,2150,Communication Services,Entertainment
AXCG,Eyes on The Go Inc,0,Communication Services,Interactive Media & Services
BAND,Bandwidth Inc,383157150,Communication Services,Diversified Telecommunication Services
BAOS,Baosheng Media Group Holdings Ltd,9848890,Communication Services,Media
BATRA,Atlanta Braves Holdings Inc,420871220,Communication Services,Entertainment
BATRB,ATLANTA BRAVES HOLDINGS INC,58680000,Communication Services,Entertainment
BATRK,ATLANTA BRAVES HOLDINGS INC,1811194160,Communication Services,Entertainment
BBGI,Beasley Broadcast Group Inc,29067190,Communication Services,Media
BBIG,Vinco Ventures Inc,995920,Communication Services,Interactive Media & Services
BBLR,BUBBLR INC,12890480,Communication Services,Interactive Media & Services
BBTVF,BBTV HOLDINGS INC,3438220,Communication Services,Entertainment
BBUZ,Bebuzee Inc,51011710,Communication Services,Interactive Media & Services
BCDMF,KUUHUBB INC,934640,Communication Services,Entertainment
BCE,BCE Inc,37495119000,Communication Services,Diversified Telecommunication Services
BCOMF,B COMMUNICATIONS LTD,415084800,Communication Services,Diversified Telecommunication Services
BFLD,BROADCAST LIVE DIGITAL CORP,0,Communication Services,Media
BGAOF,PROXIMUS SA,2520607210,Communication Services,Diversified Telecommunication Services
BGAOY,PROXIMUS SA,2388286360,Communication Services,Diversified Telecommunication Services
BHAT,Blue Hat Interactv Entrtnmnt Technlgy,16227800,Communication Services,Entertainment
BIDU,Baidu Inc (ADR),49828060410,Communication Services,Interactive Media & Services
BILI,Bilibili Inc - ADR,6258875700,Communication Services,Entertainment
BMBL,Bumble Inc,2282564240,Communication Services,Interactive Media & Services
BMTM,Bright Mountain Media Inc,13702480,Communication Services,Media
BOC,BOSTON OMAHA Corp,538446000,Communication Services,Media
BREA,Brera Holdings PLC,16081050,Communication Services,Entertainment
BRSE,BROADSIDE ENTERPRISES INC,495460,Communication Services,Entertainment
BSEG,BIG SCREEN ENTERTAINMENT GP,5297150,Communication Services,Entertainment
BTDG,B2digital Inc,789920,Communication Services,Entertainment
BTGOF,BT GROUP PLC,14410289900,Communication Services,Diversified Telecommunication Services
BWAV,Betawave Corp,0,Communication Services,Media
BYOC,Beyond Commerce Inc,1640000,Communication Services,Interactive Media & Services
BZ,Kanzhun Ltd,6681923060,Communication Services,Interactive Media & Services
BZFD,Buzzfeed Inc,58597520,Communication Services,Interactive Media & Services
BZQIY,BEZEQ ISRAEL TELECOMMUNICATN,3286928700,Communication Services,Diversified Telecommunication Services
BZTG,Buzz Technologies Inc,16450,Communication Services,Diversified Telecommunication Services
CABO,Cable One Inc,3513918660,Communication Services,Media
CAMG,CAM Group Inc,341480,Communication Services,Media
CARG,CarGurus Inc,2118440170,Communication Services,Interactive Media & Services
CARS,Cars.com Inc,1260897960,Communication Services,Interactive Media & Services
CBMJ,CONSERVATIVE BRO ME & JO INC,1585530,Communication Services,Media
CCGM,China CGame Inc,0,Communication Services,Entertainment
CCO,Clear Channel Outdoor Holdings Inc,664006750,Communication Services,Media
CCOEY,CAPCOM CO LTD,8858884310,Communication Services,Entertainment
CCOI,Cogent Communications Holdings Inc,3388150040,Communication Services,Diversified Telecommunication Services
CDLX,Cardlytics Inc,653756920,Communication Services,Media
CELJF,CELLCOM ISRAEL LTD,514429540,Communication Services,Wireless Telecommunication Services
CELX,CELEXPRESS INC,0,Communication Services,Diversified Telecommunication Services
CGEAF,COGECO COMMUNICATIONS INC,2146353000,Communication Services,Media
CGECF,COGECO INC  -SUB VTG,509964000,Communication Services,Diversified Telecommunication Services
CHND,"China Media, Inc.",39750000,Communication Services,Entertainment
CHNO,Classworx Inc,18300,Communication Services,Interactive Media & Services
CHRYY,CHORUS LTD,1875356420,Communication Services,Diversified Telecommunication Services
CHT,"Chunghwa Telecom Co., Ltd (ADR)",28392267000,Communication Services,Diversified Telecommunication Services
CHTR,Charter Communications Inc,61661458580,Communication Services,Media
CIBY,CIBL Inc,21120000,Communication Services,Diversified Telecommunication Services
CJREF,Corus Entertainment Inc. (USA),201955190,Communication Services,Media
CLLNY,CELLNEX TELECOM SA,26815077720,Communication Services,Diversified Telecommunication Services
CMCSA,Comcast Corporation,184434696430,Communication Services,Media
CMGO,CMG Holdings Group Inc,548340,Communication Services,Media
CMGR,Clubhouse Media Group Inc,2591980,Communication Services,Media
CMLS,Cumulus Media Inc,73438360,Communication Services,Media
CNCM,"Connected Media Technologies, Inc.",0,Communication Services,Media
CNET,ZW Data Action Technologies Inc,7644500,Communication Services,Media
CNFN,Cfn Enterprises Inc,16425760,Communication Services,Interactive Media & Services
CNK,"Cinemark Holdings, Inc.",2047708390,Communication Services,Entertainment
CNSL,Consolidated Communications Holdings Inc,429116820,Communication Services,Diversified Telecommunication Services
CNVS,Cineverse Corp,17446120,Communication Services,Entertainment
CPOP,Pop Culture Group Co Ltd,7816250,Communication Services,Entertainment
CPXGF,CINEPLEX INC,389768550,Communication Services,Entertainment
CREX,Creative Realities Inc,19673010,Communication Services,Media
CRGE,Charge Enterprises Inc,106912040,Communication Services,Diversified Telecommunication Services
CRTO,Criteo SA (ADR),1639198440,Communication Services,Media
CRWE,Crown Equity Holdings Inc,2225930,Communication Services,Media
CSSE,Chicken Soup for The Soul Entrtnmnt Inc,12819550,Communication Services,Entertainment
CSSEP,Chicken Soup for The Soul Entertainment Inc,--,Communication Services,Entertainment
CSXXY,CARSALES COM LTD,6983607630,Communication Services,Interactive Media & Services
CTV,Innovid Corp,174128750,Communication Services,Media
CUEN,Cuentas Inc,4374240,Communication Services,Diversified Telecommunication Services
CURI,Curiositystream Inc,42949810,Communication Services,Entertainment
CVHSY,CABLEVISION HLDG S,374819980,Communication Services,Media
CVTV,China VTV Ltd,1503390000,Communication Services,Interactive Media & Services
CWTC,Clearwave Telecommunications Inc,5360,Communication Services,Diversified Telecommunication Services
CYPXF,EQ INC,65665630,Communication Services,Interactive Media & Services
DALN,Dallasnews Corp,22505160,Communication Services,Media
DBMM,Digital Brand Media & Marketing Grp Inc,4951310,Communication Services,Media
DDI,DoubleDown Interactive Co Ltd,495034470,Communication Services,Entertainment
DEQI,DIRECT EQUITY INTL INC,8707610,Communication Services,Entertainment
DEWM,Dewmar International BMC Inc,0,Communication Services,Media
DGTW,DigitalTown Inc,0,Communication Services,Interactive Media & Services
DHX,DHI Group Inc,170664310,Communication Services,Interactive Media & Services
DIGI,Digitiliti Inc,15020,Communication Services,Interactive Media & Services
DIS,Walt Disney Co,149264221920,Communication Services,Entertainment
DISH,DISH Network Corp,3251201310,Communication Services,Media
DJCO,Daily Journal Corporation,413127540,Communication Services,Media
DLOC,Digital Locations Inc,2348050,Communication Services,Diversified Telecommunication Services
DLPN,Dolphin Entertainment Inc,24424300,Communication Services,Entertainment
DNTUY,DENTSU GROUP INC,8122047580,Communication Services,Media
DOYU,Douyu International Holdings Ltd,329466240,Communication Services,Entertainment
DRCT,Direct Digital Holdings Inc,34383470,Communication Services,Media
DSNY,DESTINY MEDIA TECHNOLOGIES,8930720,Communication Services,Interactive Media & Services
DTEGF,DEUTSCHE TELEKOM,108206160300,Communication Services,Diversified Telecommunication Services
DTEGY,Deutsche Telekom AG (ADR),105893667800,Communication Services,Diversified Telecommunication Services
DTGI,Digerati Technologies Inc,5290960,Communication Services,Diversified Telecommunication Services
DTRL,DETROIT LEGAL NEWS CO,12958760,Communication Services,Media
DUO,Fangdd Network Group Ltd,7535750,Communication Services,Interactive Media & Services
DWDZF,JEOTEX INC,0,Communication Services,Diversified Telecommunication Services
EA,Electronic Arts Inc,32933417280,Communication Services,Entertainment
EAGRF,EAST SIDE GAMES GROUP INC,29695410,Communication Services,Entertainment
EB,Eventbrite Inc,1006849200,Communication Services,Interactive Media & Services
EDR,Endeavor Group holdings Inc,10252078650,Communication Services,Entertainment
EEX,Emerald Holding Inc,257795700,Communication Services,Media
EGLX,ENTHUSIAST GAMING HLD INC,61023830,Communication Services,Interactive Media & Services
ELRE,Yinfu Gold Corp,14650280,Communication Services,Interactive Media & Services
EMMS,Emmis Communications Corp,63645250,Communication Services,Media
EMWPF,Eros Media World PLC,322180,Communication Services,Entertainment
ENTEF,ESE ENTERTAINMENT INC,13076360,Communication Services,Entertainment
ERFB,ERF Wireless Inc,8410,Communication Services,Wireless Telecommunication Services
ETCMY,EUTELSAT COMMUNICATION,1511307120,Communication Services,Media
EVC,Entravision Communications Corp,322509010,Communication Services,Media
EVER,EverQuote Inc,197193060,Communication Services,Interactive Media & Services
EVLI,EVERLERT INC,1914890,Communication Services,Entertainment
EWKS,Earthworks Entertainment Inc,0,Communication Services,Entertainment
EXMT,ANYTHING TECHNOLOGIES MEDIA,5472910,Communication Services,Entertainment
FAZE,FaZe Holdings Inc,17628410,Communication Services,Interactive Media & Services
FBOP,MEDIA CENTRAL CORP INC,0,Communication Services,Interactive Media & Services
FDBL,Friendable Inc,627820,Communication Services,Interactive Media & Services
FDIT,Findit Inc,10618900,Communication Services,Interactive Media & Services
FENG,Phoenix New Media Ltd ADR,16863480,Communication Services,Interactive Media & Services
FERL,Fearless Films Inc,6780,Communication Services,Entertainment
FFZY,FANSFRENZY CORP,1701180,Communication Services,Interactive Media & Services
FGH,FG Group Holdings Inc,31418840,Communication Services,Entertainment
FJTNF,FUJI MEDIA HOLDINGS INC,2288759200,Communication Services,Media
FJTNY,FUJI MEDIA HOLDINGS INC,2366314690,Communication Services,Media
FLCX,Flooidcx Corp,170047500,Communication Services,Interactive Media & Services
FLNT,Fluent Inc,53476530,Communication Services,Media
FMHS,Farmhouse Inc,1690520,Communication Services,Diversified Telecommunication Services
FMYR,BOMCBD Corp,14390,Communication Services,Entertainment
FNGR,FingerMotion Inc,299970760,Communication Services,Wireless Telecommunication Services
FONU,FONU2 Inc,0,Communication Services,Entertainment
FOX,FOX CORP,6889566350,Communication Services,Media
FOXA,Fox Corp,8032903860,Communication Services,Media
FPNUF,FP NEWSPAPERS INC,4210830,Communication Services,Media
FUBO,Fubotv Inc,857358900,Communication Services,Interactive Media & Services
FUGI,Fuego Enterprises Inc,1459620,Communication Services,Entertainment
FUIG,Fusion Interactive Corp,1912350,Communication Services,Diversified Telecommunication Services
FULO,FullNet Communications Inc,2934750,Communication Services,Diversified Telecommunication Services
FWONA,Liberty Media Corp,1413986520,Communication Services,Entertainment
FWONB,LIBERTY MEDIA FORMULA ONE,134475000,Communication Services,Entertainment
FWONK,LIBERTY MEDIA FORMULA ONE,13834866390,Communication Services,Entertainment
FYBR,Frontier Communications Parent Inc,3905110510,Communication Services,Diversified Telecommunication Services
GAIA,Gaia Inc,50769600,Communication Services,Entertainment
GAMB,Gambling.com Group Ltd,533997550,Communication Services,Media
GAME,GAMESQUARE HOLDINGS INC,30376100,Communication Services,Entertainment
GAMGF,GAMELANCER MEDIA CORP,37164420,Communication Services,Interactive Media & Services
GBHL,"Global Entertainment Holdings, Inc.",2021340,Communication Services,Entertainment
GBXI,GBX International Group Inc,10423790,Communication Services,Entertainment
GCI,Gannett Co Inc,422621960,Communication Services,Media
GDET,GD ENMTMT & TECHNOLOGY INC,0,Communication Services,Entertainment
GDEV,GDEV Inc.,813924370,Communication Services,Entertainment
GENTF,G5 ENTERTAINMENT AB,141689600,Communication Services,Entertainment
GETY,Getty Images Holdings Inc,1980667590,Communication Services,Interactive Media & Services
GFMH,Goliath Film and Media Holdings,430790,Communication Services,Entertainment
GHST,GHST World Inc,4169890,Communication Services,Media
GIGM,Giga Media Ltd,15030720,Communication Services,Entertainment
GLMFF,GLACIER MEDIA INC,13128500,Communication Services,Media
GMER,Good Gaming Inc,2340600,Communication Services,Interactive Media & Services
GMEV,GME Innotainment Inc,0,Communication Services,Entertainment
GMGI,Golden Matrix Group Inc,106699430,Communication Services,Entertainment
GMSC,GRAND ENTMT & MUSIC INC,0,Communication Services,Entertainment
GNPR,Genius Products Inc,10,Communication Services,Entertainment
GOGO,Gogo Inc,1437545490,Communication Services,Wireless Telecommunication Services
GOOG,ALPHABET INC CL C,794156900000,Communication Services,Interactive Media & Services
GOOGL,Alphabet Inc,925479520000,Communication Services,Interactive Media & Services
GOOLF,P2EARN INC,1862220,Communication Services,Media
GRND,Grindr Inc,918198150,Communication Services,Interactive Media & Services
GROM,Grom Social Enterprises Inc,2396660,Communication Services,Entertainment
GRVY,"Gravity Co., LTD. (ADR)",513253140,Communication Services,Entertainment
GSAT,"Globalstar, Inc.",2763000000,Communication Services,Diversified Telecommunication Services
GSMG,Glory Star New Media Group Holdings Ltd,46186700,Communication Services,Interactive Media & Services
GTN,"Gray Television, Inc.",646189920,Communication Services,Media
GTN.A,GRAY TELEVISION INC,72572260,Communication Services,Media
GTRL,GET REAL USA INC,1853610,Communication Services,Entertainment
HAFG,Holistic Asset Finance Group Co Ltd,34036750,Communication Services,Media
HDUP,Headsup Entertainment International Inc,4436570,Communication Services,Entertainment
HHS,Harte Hanks Inc,44825020,Communication Services,Media
HLLPF,HELLO PAL INTERNATIONAL INC,16070,Communication Services,Interactive Media & Services
HLTOY,Hellenic Telecom Organization S.A. (ADR),6134587500,Communication Services,Diversified Telecommunication Services
HLWD,Almost Never Films Inc,1160,Communication Services,Entertainment
HMMR,Hammer Fiber Optics Holdings Corp,23526750,Communication Services,Diversified Telecommunication Services
HQGE,Big M Entertainment Corp,0,Communication Services,Entertainment
HRDI,HERE MEDIA INC,2070,Communication Services,Media
HRYU,Hanryu Holdings Inc,255700200,Communication Services,Interactive Media & Services
HUTN,Hutn Inc,18880,Communication Services,Interactive Media & Services
HUYA,HUYA Inc - ADR,646249960,Communication Services,Entertainment
HYWS,HOLLYWOOD STUDIOS INTL,0,Communication Services,Entertainment
IAC,IAC Inc,4700926960,Communication Services,Interactive Media & Services
IAS,Integral Ad Science Holding Corp,2141405500,Communication Services,Media
ICABY,I-Cable Communications Ltd (ADR),36111300,Communication Services,Media
ICLK,Iclick Interactive Asia Group Ltd,21018900,Communication Services,Media
ICOA,ICOA INC,3012560,Communication Services,Wireless Telecommunication Services
IDT,IDT Corporation,593546880,Communication Services,Diversified Telecommunication Services
IDWM,IDW Media Holdings Inc,7487840,Communication Services,Media
IFJPY,INFORMA PLC,12983029650,Communication Services,Media
IFLM,Independent Film Development Corporation,0,Communication Services,Entertainment
IH,iHuman Inc - ADR,164873280,Communication Services,Entertainment
IHRT,iHeartMedia Inc,523151540,Communication Services,Media
IHS,IHS Holding Ltd,2509398910,Communication Services,Diversified Telecommunication Services
IIJIY,Internet Initiative Japan Inc. (ADR),3043022930,Communication Services,Diversified Telecommunication Services
ILIM,Il2m International Corp,549530,Communication Services,Interactive Media & Services
ILLM,ILLUMIN HOLDINGS INC,100831400,Communication Services,Interactive Media & Services
ILUS,Ilustrato Pictures International Inc,28256580,Communication Services,Entertainment
IMAX,Imax Corp (USA),1036687600,Communication Services,Entertainment
IMGX,"Image Metrics, Inc.",1830,Communication Services,Entertainment
IMTO,InterMetro Communications Inc,206170,Communication Services,Diversified Telecommunication Services
INCC,International Consolidated Companies Inc,700000,Communication Services,Media
INCT,InCapta Inc,0,Communication Services,Entertainment
IPDN,Professional Diversity Network Inc,29437120,Communication Services,Interactive Media & Services
IPG,Interpublic Group of Companies Inc,12431475830,Communication Services,Media
IPLY,Interplay Entertainment Corp,0,Communication Services,Entertainment
IPUB,indiePub Entertainment Inc,1040,Communication Services,Entertainment
IQ,IQIYI Inc - ADR,4740418770,Communication Services,Entertainment
IRDM,Iridium Communications Inc,6084981660,Communication Services,Diversified Telecommunication Services
ISBL,Ise Blu Equity Corp.,0,Communication Services,Entertainment
ISDSF,ISIGN MEDIA SOLUTIONS INC,1586190,Communication Services,Interactive Media & Services
ITMTF,INTERTAINMENT MEDIA INC,0,Communication Services,Interactive Media & Services
ITVPY,ITV PLC,3590221460,Communication Services,Media
IZEA,IZEA Worldwide Inc,33539300,Communication Services,Interactive Media & Services
JFU,9F Inc - ADR,30021150,Communication Services,Interactive Media & Services
KBNT,Kubient Inc,5745000,Communication Services,Interactive Media & Services
KDDIY,KDDI CORP,63597601980,Communication Services,Wireless Telecommunication Services
KDOZF,KIDOZ INC,26260800,Communication Services,Entertainment
KIND,Nextdoor Holdings Inc,820559350,Communication Services,Interactive Media & Services
KIWB,Kiwibox.com Inc,0,Communication Services,Interactive Media & Services
KKPNY,Koninklijke KPN N.V. (ADR),13976763570,Communication Services,Diversified Telecommunication Services
KONMY,KONAMI GROUP CORPORATION,7824436620,Communication Services,Entertainment
KORE,KORE Group Holdings Inc,60439960,Communication Services,Wireless Telecommunication Services
KRKR,36Kr Holdings Inc - ADR,30423110,Communication Services,Interactive Media & Services
KSHTY,KUAISHOU TECHNOLOGY,37240602300,Communication Services,Interactive Media & Services
KT,KT Corp (ADR),6054502550,Communication Services,Diversified Telecommunication Services
KTEL,KonaTel Inc,31655910,Communication Services,Wireless Telecommunication Services
KUASF,KUAISHOU TECHNOLOGY,36325920840,Communication Services,Interactive Media & Services
KUKE,Kuke Music Holding Ltd - ADR,21799480,Communication Services,Entertainment
LBRDA,Liberty Broadband Corp,1630126600,Communication Services,Media
LBRDB,LIBERTY BROADBAND CORP,192755000,Communication Services,Media
LBRDK,LIBERTY BROADBAND CORP,11250211280,Communication Services,Media
LBTYA,Liberty Global PLC,3066627710,Communication Services,Diversified Telecommunication Services
LBTYB,LIBERTY GLOBAL PLC,233632120,Communication Services,Diversified Telecommunication Services
LBTYK,LIBERTY GLOBAL PLC,4595904250,Communication Services,Diversified Telecommunication Services
LBUY,Leafbuyer Technologies Inc,5248590,Communication Services,Interactive Media & Services
LDSN,Luduson G Inc,88202270,Communication Services,Media
LDWY,Lendway Inc,11057700,Communication Services,Media
LEE,Lee Enterprises Inc,70131600,Communication Services,Media
LFCOF,LIFT & CO CORP,70150,Communication Services,Interactive Media & Services
LFLY,Leafly Holdings Inc,27329100,Communication Services,Interactive Media & Services
LGF.A,Lions Gate Entertainment Corp (USA),653891130,Communication Services,Entertainment
LGF.B,LIONS GATE ENTERTAINMENT CP,1123869230,Communication Services,Entertainment
LICT,LICT Corp,282200000,Communication Services,Diversified Telecommunication Services
LILA,Liberty Latin America Ltd,348860400,Communication Services,Diversified Telecommunication Services
LILAB,LIBERTY LATIN AMERICA LTD,24673000,Communication Services,Diversified Telecommunication Services
LILAK,LIBERTY LATIN AMERICA LTD,1379576400,Communication Services,Diversified Telecommunication Services
LIZI,Lizhi Inc - ADR,22397860,Communication Services,Entertainment
LKCO,Luokung Technology Corp,17976620,Communication Services,Interactive Media & Services
LKST,Looksmart Group Inc,1710000,Communication Services,Interactive Media & Services
LLYVA,LIBERTY MEDIA LIBERTY LIVE,845824000,Communication Services,Entertainment
LLYVB,LIBERTY MEDIA LIBERTY LIVE,83750000,Communication Services,Entertainment
LLYVK,LIBERTY MEDIA LIBERTY LIVE,2127420000,Communication Services,Entertainment
LMDCF,Everybody Loves Languages Corp,1782150,Communication Services,Media
LOCM,Local Corp,2430,Communication Services,Interactive Media & Services
LOV,Spark Networks SE (ADR),6038650,Communication Services,Interactive Media & Services
LPTV,Loop Media Inc,52352140,Communication Services,Entertainment
LQR,LQR House Inc,12605070,Communication Services,Media
LSXMA,Liberty Media Corp,2303458440,Communication Services,Media
LSXMB,LIBERTY MEDIA SIRIUSXM GROUP,240222290,Communication Services,Media
LSXMK,LIBERTY MEDIA SIRIUSXM GROUP,5213331200,Communication Services,Media
LTRPA,Liberty Tripadvisor Holdings Inc,41158990,Communication Services,Interactive Media & Services
LTRPB,LIBERTY TRIPADVISOR HLDGS IN COM SER B,115660150,Communication Services,Interactive Media & Services
LUMN,Lumen Technologies Inc,1486779350,Communication Services,Diversified Telecommunication Services
LVO,LiveOne Inc,163258380,Communication Services,Entertainment
LYT,Lytus Technologies Holdings Ptv Ltd,13843470,Communication Services,Entertainment
LYV,Live Nation Entertainment Inc,18937885750,Communication Services,Entertainment
MANU,Manchester United PLC,3188338680,Communication Services,Entertainment
MAX,MediaAlpha Inc,540201460,Communication Services,Interactive Media & Services
MCHOY,MULTICHOICE GROUP LTD,1698020610,Communication Services,Media
MCHX,Marchex Inc,70411750,Communication Services,Media
MCS,Marcus Corp,480261950,Communication Services,Entertainment
MDIA,Mediaco Holding Inc,19684700,Communication Services,Media
MDTC,Media Technologies Inc,3649410,Communication Services,Diversified Telecommunication Services
MECVF,MDF COMMERCE INC,108608370,Communication Services,Interactive Media & Services
META,Meta Platforms Inc,771986897420,Communication Services,Interactive Media & Services
MFON,Mobivity Holdings Corp,45758560,Communication Services,Interactive Media & Services
MGAM,Mobile Global Esports Inc,8322990,Communication Services,Entertainment
MGNI,Magnite Inc,1148401220,Communication Services,Media
MGOM,Migom Global Corp,75390000,Communication Services,Entertainment
MITQ,Moving Image Technologies Inc,9933920,Communication Services,Entertainment
MKTDF,DEEPMARKIT CORP,424700,Communication Services,Interactive Media & Services
MLFB,Major League Football Inc,297550,Communication Services,Entertainment
MLRYY,VK COMPANY LIMITED,214134700,Communication Services,Interactive Media & Services
MMND,Mastermind Inc,5175900,Communication Services,Media
MMV,MultiMetaVerse Holdings Limited,50137300,Communication Services,Entertainment
MOBO,Avail Scientific Inc,5903920,Communication Services,Interactive Media & Services
MOBQ,Mobiquity Technologies Inc,2445300,Communication Services,Media
MOMO,Hello Group Inc (ADR),1532391180,Communication Services,Interactive Media & Services
MOXC,Moxian (BVI) Inc,34488350,Communication Services,Media
MPRG,MOTION PICTURE GROUP INC,0,Communication Services,Entertainment
MRNJ,Metatron Apps Inc,951260,Communication Services,Interactive Media & Services
MRPT,Macreport.Net Inc,2873760,Communication Services,Media
MSGE,Madison Square Garden Entertainment Corp,1621890270,Communication Services,Entertainment
MSGM,Motorsport Games Inc,14227200,Communication Services,Entertainment
MSGS,Madison Square Garden Sports Corp,4130143980,Communication Services,Entertainment
MTCH,Match Group Inc,12861523750,Communication Services,Interactive Media & Services
MTNOF,MTN GROUP LTD,12012593250,Communication Services,Wireless Telecommunication Services
MTNOY,MTN Group Ltd - ADR,11813888700,Communication Services,Wireless Telecommunication Services
MVES,Movie Studio Inc,408260,Communication Services,Entertainment
MVNC,Marvion Inc,164475940,Communication Services,Entertainment
MVVYF,MOOVLY MEDIA INC,6242710,Communication Services,Interactive Media & Services
MYPS,Playstudios Inc,470611140,Communication Services,Entertainment
MYTAY,Magyar Telekom Tavkozlesi Nyrt (ADR),1177101480,Communication Services,Diversified Telecommunication Services
NCMI,"National CineMedia, Inc.",484867800,Communication Services,Media
NCTY,The9 Limited (ADR),24295860,Communication Services,Entertainment
NETWF,NETWORK MEDIA GROUP INC,2941090,Communication Services,Entertainment
NFLX,Netflix Inc,199916906110,Communication Services,Entertainment
NFTG,NFT Gaming Company Inc,4913420,Communication Services,Entertainment
NIROF,SPORTSHERO LIMITED,10235020,Communication Services,Entertainment
NLMP,Double Secret Enterprises Inc,950,Communication Services,Entertainment
NRWS,Narrowstep Inc.,0,Communication Services,Interactive Media & Services
NTDOF,NINTENDO CO LTD,50120488950,Communication Services,Entertainment
NTDOY,NINTENDO CO LTD,49480146870,Communication Services,Entertainment
NTEK,"NanoTech Entertainment, Inc.",0,Communication Services,Entertainment
NTES,NetEase Inc (ADR),65385233760,Communication Services,Entertainment
NTLK,Net Talk.com Inc,29990,Communication Services,Diversified Telecommunication Services
NTTYY,Nippon Telegraph and Telephone Corp(ADR),2429197839970,Communication Services,Diversified Telecommunication Services
NUVR,Nuvera Communications Inc,70496250,Communication Services,Diversified Telecommunication Services
NWCN,Network CN Inc,2248800,Communication Services,Media
NWS,NEWS CORP,4152311860,Communication Services,Media
NWSA,News Corp,8030120680,Communication Services,Media
NXMR,NextMart Inc.,839110,Communication Services,Media
NXPL,NextPlat Corp,39457000,Communication Services,Diversified Telecommunication Services
NXST,Nexstar Media Group Inc,4974067740,Communication Services,Media
NXTP,Nextplay Technologies Inc,6890400,Communication Services,Media
NYT,New York Times Co,7206265150,Communication Services,Media
OAMCF,OVERACTIVE MEDIA CORP,12431830,Communication Services,Entertainment
OB,Outbrain Inc,290291240,Communication Services,Interactive Media & Services
OCG,Oriental Culture Holding Ltd,13479150,Communication Services,Interactive Media & Services
OIBRQ,Oi SA - em Recuperacao Judicial(ADR),62370,Communication Services,Diversified Telecommunication Services
OIBZQ,OI SA,1392300,Communication Services,Diversified Telecommunication Services
OMC,Omnicom Group Inc.,15726651600,Communication Services,Media
ONFO,Onfolio Holdings Inc,5876500,Communication Services,Interactive Media & Services
OOMA,Ooma Inc,350531500,Communication Services,Diversified Telecommunication Services
ORAN,Orange SA (ADR),29503624290,Communication Services,Diversified Telecommunication Services
OTGLF,CD PROJEKT SA,3694708780,Communication Services,Entertainment
OTGLY,CD PROJEKT SA,3746662500,Communication Services,Entertainment
OWVI,ONE WORLD VENTURES INC,67137480,Communication Services,Interactive Media & Services
PALS,Mopals.Com Inc,0,Communication Services,Interactive Media & Services
PALT,Paltalk Inc,20334510,Communication Services,Interactive Media & Services
PARA,Paramount Global,8417402210,Communication Services,Media
PARAA,PARAMOUNT GLOBAL,687897600,Communication Services,Media
PBSFY,PROSIEBENSAT.1 MEDIA SE,1748466130,Communication Services,Media
PCCWY,PCCW Ltd (ADR),3800163240,Communication Services,Diversified Telecommunication Services
PCDAF,POSTMEDIA NETWORK CANADA CP,261676900,Communication Services,Media
PEDH,"Peoples Educational Holdings, Inc.",450,Communication Services,Media
PEHD,CrowdGather Inc,27140,Communication Services,Interactive Media & Services
PERI,Perion Network Ltd,1581618240,Communication Services,Media
PGGG,PEGASUS GAMING CORP,1530,Communication Services,Entertainment
PGRU,PropertyGuru Group Ltd,709932500,Communication Services,Interactive Media & Services
PHI,PLDT Inc (ADR),4478840880,Communication Services,Wireless Telecommunication Services
PIHG,PLURAL INDUSTRY HOLDING GRP,1421320,Communication Services,Diversified Telecommunication Services
PINS,Pinterest Inc,19172221690,Communication Services,Interactive Media & Services
PLGC,"Playlogic Entertainment, Inc.",0,Communication Services,Entertainment
PLGNF,PLAYGON GAMES INC,9545480,Communication Services,Interactive Media & Services
PLTK,Playtika Holding Corp,3566006080,Communication Services,Entertainment
PMKRF,PLAYMAKER CAPITAL INC,76883840,Communication Services,Media
POPRF,POPREACH CORP,48116420,Communication Services,Entertainment
PRDGF,PREMIER DIVERSIFIED HLDGS,168650,Communication Services,Interactive Media & Services
PROM,Propel Media Inc,237509500,Communication Services,Interactive Media & Services
PRSNF,PEEKS SOCIAL INC,17383420,Communication Services,Entertainment
PRYNF,BACKSTAGEPLAY INC,1075780,Communication Services,Entertainment
PSQH,PSQ Holdings Inc,339685380,Communication Services,Interactive Media & Services
PSRU,Valiant Eagle Inc,504130,Communication Services,Entertainment
PTNRY,Partner Communications Company Ltd (ADR),728206220,Communication Services,Wireless Telecommunication Services
PTOP,Peer To Peer Network,5875730,Communication Services,Entertainment
PTXKY,PT XL AXIATA TBK,2084974430,Communication Services,Wireless Telecommunication Services
PUBGY,Publicis Groupe SA (ADR),19474382970,Communication Services,Media
PUBM,PubMatic Inc,743268440,Communication Services,Media
PVSP,Pervasip Corp,2714620,Communication Services,Diversified Telecommunication Services
PZOO,Pazoo Inc,268820,Communication Services,Interactive Media & Services
QBCRF,Quebecor Inc (USA),3427260900,Communication Services,Diversified Telecommunication Services
QNST,QuinStreet Inc,525672810,Communication Services,Interactive Media & Services
QTTOY,Qutoutiao Inc - ADR,6982750,Communication Services,Interactive Media & Services
QUOT,Quotient Technology Inc,397922700,Communication Services,Media
QYOUF,QYOU MEDIA INC,27385500,Communication Services,Media
RADI,Radius Global Infrastructure Inc,1488774810,Communication Services,Diversified Telecommunication Services
RAIO,RadioIO Inc,0,Communication Services,Entertainment
RBLX,Roblox Corp,17818485300,Communication Services,Entertainment
RCI,Rogers Communications Inc,16859391850,Communication Services,Wireless Telecommunication Services
RCIAF,ROGERS COMMUNICATIONS  -CL B,4408288320,Communication Services,Wireless Telecommunication Services
RCIT,Reelcause Inc,1351470,Communication Services,Interactive Media & Services
RDI,Reading International Inc,49320240,Communication Services,Entertainment
RDIB,READING INTL INC  -CL A,33199750,Communication Services,Entertainment
REAC,REAC Group Inc,170700,Communication Services,Interactive Media & Services
REDFY,Rediff.com India Ltd (ADR),2760,Communication Services,Interactive Media & Services
RLTR,Reeltime Rentals Inc,240190,Communication Services,Entertainment
RMTD,Remote Dynamics Inc,0,Communication Services,Wireless Telecommunication Services
ROKU,Roku Inc,11872521200,Communication Services,Entertainment
ROSYY,ROSTELECOM PJSC,552637660,Communication Services,Diversified Telecommunication Services
RSASF,RESAAS SERVICES INC,9247860,Communication Services,Interactive Media & Services
RSTN,RDE Inc,73451700,Communication Services,Interactive Media & Services
RSVR,Reservoir Media Inc,350701100,Communication Services,Entertainment
RTMVF,RIGHTMOVE PLC,5491168280,Communication Services,Interactive Media & Services
RTMVY,RIGHTMOVE PLC,5711512500,Communication Services,Interactive Media & Services
RUM,Rumble Inc,2174202320,Communication Services,Interactive Media & Services
SABOF,SABIO HOLDINGS INC,17085470,Communication Services,Media
SAKL,Sack Lunch Productions Inc,1627010,Communication Services,Entertainment
SALM,Salem Media Group Inc,18504840,Communication Services,Media
SAPX,Seven Arts Entertainment Inc,1223070,Communication Services,Entertainment
SATS,EchoStar Corp,1479096360,Communication Services,Diversified Telecommunication Services
SBGI,Sinclair Inc,681173760,Communication Services,Media
SBSAA,Spanish Broadcasting System Inc,5905600,Communication Services,Media
SCHL,Scholastic Corp,1287779430,Communication Services,Media
SCMWY,Swisscom AG (ADR),30829900790,Communication Services,Diversified Telecommunication Services
SCOR,"COMSCORE, Inc.",65390640,Communication Services,Media
SCPL,SciPlay Corp,2834059690,Communication Services,Entertainment
SE,Sea Ltd (ADR),21083434800,Communication Services,Entertainment
SEAT,Vivid Seats Inc,1443914240,Communication Services,Entertainment
SEEK,TheDirectory.com Inc,0,Communication Services,Interactive Media & Services
SEGI,Sycamore Entertainment Group Inc,5070000,Communication Services,Entertainment
SFTBF,SoftBank Group Corp,63944782500,Communication Services,Wireless Telecommunication Services
SFTBY,SoftBank Group Corp - ADR,63275765580,Communication Services,Wireless Telecommunication Services
SFUNY,Fang Holdings Ltd,45035000,Communication Services,Interactive Media & Services
SGA,Saga Communications Inc,126154400,Communication Services,Media
SGAPY,SINGAPORE TELECOMMUNICATIONS,28487751570,Communication Services,Diversified Telecommunication Services
SGRB,Sigmabroadband Co,48580130,Communication Services,Diversified Telecommunication Services
SGRP,SPAR Group Inc,26253290,Communication Services,Media
SHEN,Shenandoah Telecommunications Co,1048507040,Communication Services,Wireless Telecommunication Services
SHGY,SEARCHGUY.COM INC,10,Communication Services,Interactive Media & Services
SHXWF,XINHUA WINSHARE PUBLISHING,344710860,Communication Services,Media
SIFY,Sify Technologies Limited (ADR),398580300,Communication Services,Diversified Telecommunication Services
SIRI,Sirius XM Holdings Inc,16426272830,Communication Services,Media
SJ,Scienjoy Holding Corp,119378700,Communication Services,Entertainment
SKLZ,Skillz Inc,167047080,Communication Services,Entertainment
SKM,SK Telecom Co Ltd (ADR),7843411140,Communication Services,Wireless Telecommunication Services
SLCH,spotlight Capital Holdings,68200,Communication Services,Entertainment
SLGG,"Super League Gaming, Inc.",8309950,Communication Services,Interactive Media & Services
SLNM,Salon Media Group Inc,31590,Communication Services,Interactive Media & Services
SNAL,Snail Inc,45812500,Communication Services,Entertainment
SNAP,Snap Inc,17047598040,Communication Services,Interactive Media & Services
SNIPF,SNIPP INTERACTIVE INC,35292250,Communication Services,Media
SNLM,HOMESTEAD GOLD AND SILVER,61610,Communication Services,Wireless Telecommunication Services
SOHU,Sohu.com Ltd - ADR,353563760,Communication Services,Interactive Media & Services
SOPA,Society Pass Inc,12381640,Communication Services,Interactive Media & Services
SPHR,Sphere Entertainment Co,1221047590,Communication Services,Entertainment
SPKKY,Spark New Zealand Ltd (ADR),5404005000,Communication Services,Diversified Telecommunication Services
SPOK,Spok Holdings Inc,278553600,Communication Services,Wireless Telecommunication Services
SPOT,Spotify Technology SA,31165680840,Communication Services,Entertainment
SPQS,SportsQuest Inc,1560130,Communication Services,Entertainment
SPTY,SPECIFICITY INC,6906660,Communication Services,Media
SPYR,SPYR Inc,210400,Communication Services,Entertainment
SQNNY,SQUARE ENIX HLDGS CO LTD,4549520490,Communication Services,Entertainment
SQNXF,SQUARE ENIX HLDGS CO LTD,4438187000,Communication Services,Entertainment
SRHBY,STARHUB LTD,1284313600,Communication Services,Wireless Telecommunication Services
SRMX,Saddle Ranch Media Inc,4303130,Communication Services,Entertainment
SSET,Starstream Entertainment Inc,266020,Communication Services,Entertainment
SSP,E W Scripps Co,541926370,Communication Services,Media
SST,System1 Inc,211843820,Communication Services,Interactive Media & Services
SSTK,Shutterstock Inc,1518204320,Communication Services,Interactive Media & Services
SSTRF,Silverstar Holdings Ltd,0,Communication Services,Entertainment
STBX,Starbox Group Holdings Ltd,108750000,Communication Services,Media
STGW,Stagwell Inc,1516105500,Communication Services,Media
STGYF,STINGRAY GROUP INC,203880000,Communication Services,Media
STIE,Kestrel Transportation Inc,849370,Communication Services,Entertainment
SUNR,SUN SPORTS AND ENTERTAINMENT,0,Communication Services,Entertainment
SURG,Surgepays Inc,68839320,Communication Services,Wireless Telecommunication Services
SVNJ,727 COMMUNICATIONS INC,40,Communication Services,Diversified Telecommunication Services
SVSN,Stereo Vision Entertainment Inc,1289470,Communication Services,Entertainment
SWAG,Stran & Company Inc,21919800,Communication Services,Media
SY,So-Young International Inc - ADR,132980400,Communication Services,Interactive Media & Services
T,AT&T Inc.,103624755000,Communication Services,Diversified Telecommunication Services
TAPM,Tapinator Inc,1662250,Communication Services,Entertainment
TBLA,Taboola.com Ltd,1130438990,Communication Services,Interactive Media & Services
TC,TuanChe Ltd (ADR),12294330,Communication Services,Media
TCEHY,TENCENT HOLDINGS LTD,399548861190,Communication Services,Interactive Media & Services
TCTZF,TENCENT HOLDINGS LTD,399071046240,Communication Services,Interactive Media & Services
TDS,Telephone and Data Systems Inc,2145504500,Communication Services,Wireless Telecommunication Services
TEF,Telefonica S.A. (ADR),23616224730,Communication Services,Diversified Telecommunication Services
TEFOF,TELEFONICA SA,23565193270,Communication Services,Diversified Telecommunication Services
TELNF,TELENOR ASA,14906573500,Communication Services,Diversified Telecommunication Services
TELNY,Telenor ASA (ADR),14695108150,Communication Services,Diversified Telecommunication Services
TEO,Telecom Argentina SA (ADR),2364751620,Communication Services,Diversified Telecommunication Services
TGL,Treasure Global Inc,6194840,Communication Services,Media
TGNA,Tegna Inc,3180017160,Communication Services,Media
TGNT,Totaligent Inc,2310710,Communication Services,Media
THBRF,THUNDERBIRD ENTERTAINMENT GR,105454530,Communication Services,Entertainment
THDDY,TV ASAHI HOLDINGS CORP,1144557790,Communication Services,Media
THRY,Thryv Holdings Inc,691560940,Communication Services,Media
TIAIY,TELECOM ITALIA SPA,1835462050,Communication Services,Diversified Telecommunication Services
TIGO,Millicom International Cellular SA (USA),2693464800,Communication Services,Wireless Telecommunication Services
TIIAY,Telecom Italia SpA (ADR),4894644600,Communication Services,Diversified Telecommunication Services
TIMB,Tim SA (ADR),6971875200,Communication Services,Wireless Telecommunication Services
TIO,Tingo Group Inc,225761420,Communication Services,Wireless Telecommunication Services
TIXC,Tix Corp,3470,Communication Services,Entertainment
TJSS,TAJ SYSTEMS INC,--,Communication Services,Entertainment
TKAT,Takung Art Co Ltd,7526780,Communication Services,Interactive Media & Services
TKC,Turkcell Iletisim Hizmetleri AS (ADR),4690488000,Communication Services,Wireless Telecommunication Services
TKVR,Zhejiang Dashang Media Co Ltd,12833600,Communication Services,Interactive Media & Services
TLGHF,TELENET GROUP HOLDING N.V.,1587863580,Communication Services,Media
TLGHY,TELENET GROUP HOLDING N.V.,2541462300,Communication Services,Media
TLGPY,Telstra Group Ltd (ADR),29440674900,Communication Services,Diversified Telecommunication Services
TLK,Telkom Indonesia (Persero) Tbk PT -ADR,24037442830,Communication Services,Diversified Telecommunication Services
TLKGY,Telkom SA SOC Ltd (ADR),688051350,Communication Services,Diversified Telecommunication Services
TLLEQ,Teletouch Communications Inc,0,Communication Services,Wireless Telecommunication Services
TLSNY,TELIA COMPANY AB,7677444770,Communication Services,Diversified Telecommunication Services
TME,Tencent Music Entertainment Group - ADR,11858092070,Communication Services,Entertainment
TMIX,TARSIN MOBILE INC,10,Communication Services,Entertainment
TMLL,Tele Group Corp,149143170,Communication Services,Interactive Media & Services
TMUS,T-Mobile Us Inc,161186373570,Communication Services,Wireless Telecommunication Services
TOGL,Toga Ltd,36410,Communication Services,Interactive Media & Services
TOON,Kartoon Studios Inc,53643330,Communication Services,Entertainment
TPNI,Pulse Network Inc,0,Communication Services,Interactive Media & Services
TPTW,TPT Global Tech Inc,2413250,Communication Services,Diversified Telecommunication Services
TRAGF,TERAGO INC,28889020,Communication Services,Diversified Telecommunication Services
TRIP,Tripadvisor Inc,2215397340,Communication Services,Interactive Media & Services
TRKA,Troika Media Group Inc,25469420,Communication Services,Media
TRKNY,TURK TELEKOMUNIKASYON ANONIM,2852500000,Communication Services,Diversified Telecommunication Services
TRMR,TREMOR INTERNATIONAL LTD,277696830,Communication Services,Media
TRUE,TrueCar Inc,233708300,Communication Services,Interactive Media & Services
TRVG,Trivago NV - ADR,397642900,Communication Services,Interactive Media & Services
TSAT,Telesat Corp,981080590,Communication Services,Diversified Telecommunication Services
TSQ,Townsquare Media Inc,156373600,Communication Services,Media
TTD,Trade Desk Inc,39857999380,Communication Services,Media
TTGT,TechTarget Inc,837690310,Communication Services,Media
TTWO,Take-Two Interactive Software Inc,23943623540,Communication Services,Entertainment
TU,Telus Corp (USA),24565328760,Communication Services,Diversified Telecommunication Services
TV,Grupo Televisa SAB (ADR),2255046500,Communication Services,Media
TVAGF,TVA GROUP INC  -CL B,48627500,Communication Services,Media
TVTV,Wherevertv Broadcasting Corp,8258370,Communication Services,Media
TWER,Towerstream Corp,59100,Communication Services,Diversified Telecommunication Services
TZOO,Travelzoo,107352000,Communication Services,Interactive Media & Services
UAMA,United American Corp,0,Communication Services,Diversified Telecommunication Services
UBSFF,Ubisoft Entertainment SA,3815702500,Communication Services,Entertainment
UBSFY,UBI SOFT ENTERTAINMENT SA,3721879700,Communication Services,Entertainment
UCCPF,ADAMANT HOLDINGS INC,199380,Communication Services,Diversified Telecommunication Services
UCL,Ucloudlink Group Inc,89230330,Communication Services,Wireless Telecommunication Services
UCPA,United Communications Partners Inc,3882930,Communication Services,Media
UCSO,UNITED CONSORTIUM LTD,8370,Communication Services,Entertainment
UMEWF,UMeWorld Ltd,38340750,Communication Services,Interactive Media & Services
UMGP,Universal Media Group Inc,4760840,Communication Services,Entertainment
UONE,URBAN ONE INC,68793560,Communication Services,Media
UONEK,Urban One Inc,199567800,Communication Services,Media
UPPR,Upper Street Marketing Inc,0,Communication Services,Interactive Media & Services
URBT,Urban Television Network Corp,78920,Communication Services,Media
USM,United States Cellular Corp,3919101120,Communication Services,Wireless Telecommunication Services
USSHF,UNISERVE COMMUNICATIONS CORP,2415720,Communication Services,Diversified Telecommunication Services
VDMCY,VODACOM GROUP LTD,10993293520,Communication Services,Wireless Telecommunication Services
VEON,VEON Ltd (ADR),1132696400,Communication Services,Wireless Telecommunication Services
VGTL,Vgtel Inc,51460,Communication Services,Entertainment
VIDA,Vidaroo Corp,670,Communication Services,Entertainment
VIV,Telefonica Brasil SA (ADR),13888069880,Communication Services,Diversified Telecommunication Services
VIVHY,Vivendi SE (ADR),9130819430,Communication Services,Media
VMEO,Vimeo Inc,669120630,Communication Services,Interactive Media & Services
VMNT,Vemanti Group Inc,6414040,Communication Services,Diversified Telecommunication Services
VOCL,Creatd Inc,3936920,Communication Services,Interactive Media & Services
VOD,Vodafone Group Plc (ADR),25344137520,Communication Services,Wireless Telecommunication Services
VPLM,Voip-Pal.Com Inc,83434460,Communication Services,Diversified Telecommunication Services
VS,Versus Systems Inc,3048130,Communication Services,Entertainment
VTEX,VTEX,1144765240,Communication Services,Interactive Media & Services
VYBE,Limitless X Holdings Inc,5766650,Communication Services,Media
VZ,Verizon Communications Inc.,144766117400,Communication Services,Diversified Telecommunication Services
WB,Weibo Corp (ADR),3084402810,Communication Services,Interactive Media & Services
WBD,Warner Bros Discovery Inc,28675822760,Communication Services,Entertainment
WDDD,Worlds Inc,410070,Communication Services,Interactive Media & Services
WEJOQ,Wejo Group Ltd,1879310,Communication Services,Interactive Media & Services
WIMI,WiMi Hologram Cloud Inc - ADR,71074550,Communication Services,Media
WKYN,WEBSKY INC,290,Communication Services,Diversified Telecommunication Services
WLDBF,WILDBRAIN LTD,272329470,Communication Services,Entertainment
WLY,John Wiley & Sons Inc,1614487760,Communication Services,Media
WLYB,WILEY (JOHN) & SONS  -CL A,328546400,Communication Services,Media
WMG,Warner Music Group Corp,17358004520,Communication Services,Entertainment
WNRC,WENR CORP,0,Communication Services,Media
WOW,WideOpenWest Inc,677921400,Communication Services,Media
WPP,WPP PLC (ADR),10308790440,Communication Services,Media
WQNI,"WQN, Inc.",4410,Communication Services,Diversified Telecommunication Services
WRMA,WIREMEDIA INC,565420,Communication Services,Wireless Telecommunication Services
WRNT,Warrantee Inc (ADR),20822050,Communication Services,Media
WWE,"World Wrestling Entertainment, Inc.",8218068840,Communication Services,Entertainment
WWII,WORLD OF WIRELES INT TEL INC,20590,Communication Services,Wireless Telecommunication Services
XFCI,Xtreme Fighting Championships Inc,115860,Communication Services,Entertainment
YAHOY,Z HOLDINGS CORP,22379225580,Communication Services,Interactive Media & Services
YALA,Yalla Group Ltd - ADR,774945440,Communication Services,Interactive Media & Services
YELP,Yelp Inc,3089381440,Communication Services,Interactive Media & Services
YIPI,Yippy Inc,23090,Communication Services,Interactive Media & Services
YITD,Yinhang Internet Technologies Devlpm Inc,35400,Communication Services,Interactive Media & Services
YLWDF,YELLOW PAGES LTD,168636600,Communication Services,Interactive Media & Services
YNDX,Yandex NV,6846469080,Communication Services,Interactive Media & Services
YOOIF,YANGAROO INC,1985500,Communication Services,Interactive Media & Services
YVRLF,Liquid Media Group Ltd,480,Communication Services,Entertainment
YY,JOYY Inc (ADR),2160696300,Communication Services,Interactive Media & Services
ZD,Ziff Davis Inc,3068342830,Communication Services,Interactive Media & Services
ZDGE,Zedge Inc,30464180,Communication Services,Interactive Media & Services
ZH,Zhihu Inc - ADR,651267760,Communication Services,Interactive Media & Services
ZI,ZoomInfo Technologies Inc,7276625620,Communication Services,Interactive Media & Services
ZIP,Ziprecruiter Inc,1503780950,Communication Services,Interactive Media & Services
ZONX,Zonzia Media Inc,78580,Communication Services,Interactive Media & Services
ZTLLF,ZONETAIL INC,2413650,Communication Services,Interactive Media & Services
ZUKI,Zuki Inc,4842530,Communication Services,Entertainment
ZUMRF,ZOOMERMEDIA LTD,5502940,Communication Services,Media
